amount,category,timestamp,spending_velocity,category_frequency,budget_ratio,budget_adherence
134.32,education,2025-07-01T17:22:06.284387,0.93,0.79,0.61,0.86
118.23,entertainment,2024-10-28T17:22:06.284414,2.23,0.19,1.02,0.88
16.32,education,2025-04-12T17:22:06.284432,2,0.25,1.16,0.9
14.55,entertainment,2025-03-03T17:22:06.284449,3.33,0.15,1.01,0.57
38.23,entertainment,2025-03-22T17:22:06.284459,1,0.1,1.2,0.72
83.13,travel,2024-10-20T17:22:06.284468,2.93,0.42,0.97,0.53
199.69,entertainment,2025-03-20T17:22:06.284479,1.28,0.42,1.13,0.91
128.51,transportation,2024-11-26T17:22:06.284501,4.72,0.2,1.12,0.71
62.63,education,2025-04-05T17:22:06.284512,1.32,0.72,0.81,0.35
40.57,other,2025-03-06T17:22:06.284534,0.63,0.81,0.99,0.36
196.43,savings,2024-09-14T17:22:06.284545,4.89,0.39,0.82,0.46
27.62,entertainment,2025-06-19T17:22:06.284557,0.87,0.86,0.36,0.79
8.3,utilities,2025-04-12T17:22:06.284569,4.73,0.86,1.4,0.48
121.39,food,2024-09-11T17:22:06.284577,4.49,0.14,0.18,0.46
97.52,utilities,2025-08-23T17:22:06.284584,2.02,0.29,0.63,0.63
162.06,travel,2025-01-01T17:22:06.284591,4.15,0.5,0.52,0.55
157.92,education,2024-10-15T17:22:06.284598,3.78,0.72,0.87,0.44
79.63,healthcare,2025-03-08T17:22:06.284607,3.05,0.75,1.5,0.75
100.57,healthcare,2025-08-31T17:22:06.284614,1.36,0.84,1.1,0.74
109.12,entertainment,2025-08-14T17:22:06.284621,4,0.53,1.37,0.74
130.22,shopping,2024-12-05T17:22:06.284628,1.15,0.19,0.16,0.96
31.45,shopping,2025-02-18T17:22:06.284636,3.79,0.88,1.04,0.78
67.07,food,2025-07-31T17:22:06.284643,4.1,0.39,0.71,0.56
74.21,other,2025-08-11T17:22:06.284653,1.1,0.55,1.13,0.42
167.93,education,2025-02-25T17:22:06.284678,4.67,0.34,1.15,0.52
130.28,shopping,2024-10-30T17:22:06.284689,3.33,0.42,1.37,0.58
142.68,food,2025-06-01T17:22:06.284696,2.81,0.13,0.84,0.58
92.65,education,2025-05-16T17:22:06.284704,1.33,0.22,0.79,0.96
108.1,entertainment,2025-06-03T17:22:06.284711,0.74,0.88,1.26,0.87
13.37,education,2025-08-26T17:22:06.284718,1.3,0.51,1.29,0.52
18.55,shopping,2025-06-24T17:22:06.284725,4.44,0.98,0.64,0.96
132.91,education,2025-07-01T17:22:06.284732,4.1,0.11,1.48,0.86
60.82,shopping,2025-01-31T17:22:06.284739,2.97,0.65,1.08,0.81
166.78,transportation,2025-05-31T17:22:06.284746,2.7,0.22,0.55,0.35
110.98,other,2025-08-08T17:22:06.284752,2.69,0.44,1.22,0.54
89.52,education,2024-10-25T17:22:06.284759,0.99,0.59,1.49,0.8
185.04,healthcare,2025-09-11T17:22:06.284766,4.56,0.45,1.41,0.6
94.53,entertainment,2025-09-03T17:22:06.284774,3.85,0.94,0.3,0.44
148,travel,2025-09-08T17:22:06.284780,0.87,0.39,0.89,0.88
189.07,transportation,2025-05-09T17:22:06.284787,0.68,0.89,1.15,0.78
14.53,entertainment,2025-03-18T17:22:06.284794,3.06,0.98,0.63,0.89
175.88,entertainment,2025-04-01T17:22:06.284802,1.46,0.7,1.32,0.74
81.78,entertainment,2025-02-19T17:22:06.284810,2.01,0.3,1.21,0.88
140.96,savings,2024-10-14T17:22:06.284817,4.74,0.12,0.24,0.67
181.44,other,2025-09-11T17:22:06.284824,0.78,0.14,0.69,0.58
199.22,travel,2025-05-30T17:22:06.284831,1.55,0.17,0.42,0.62
115.5,food,2025-05-29T17:22:06.284837,1.89,0.22,0.98,0.79
144.16,food,2025-04-14T17:22:06.284847,0.96,0.23,0.47,0.56
191.52,travel,2025-08-14T17:22:06.284858,2.37,0.18,1.33,0.91
191.37,transportation,2025-07-06T17:22:06.284871,2.13,0.81,1.07,0.88
70.55,other,2025-01-18T17:22:06.284878,1,0.46,1.24,0.76
94.69,education,2025-08-27T17:22:06.284890,0.73,0.16,0.13,0.96
185.13,other,2024-11-01T17:22:06.284901,4.47,0.99,0.36,0.71
126.84,travel,2024-11-24T17:22:06.284911,1.09,0.23,1.01,0.63
85.39,shopping,2024-10-10T17:22:06.284919,1.63,0.39,0.43,0.46
190.39,education,2025-02-24T17:22:06.284926,4.24,0.19,1.16,0.37
168.74,healthcare,2025-02-05T17:22:06.284933,4.55,0.53,1.17,0.92
109.36,utilities,2025-01-30T17:22:06.284940,1.72,0.12,0.77,0.45
34.9,transportation,2025-08-07T17:22:06.284947,1.06,0.16,1.2,0.79
84.95,other,2024-09-19T17:22:06.284955,3.74,0.8,0.94,0.86
53.2,entertainment,2024-10-16T17:22:06.284962,3.45,0.7,1.33,0.55
175.16,food,2025-07-14T17:22:06.284969,1.64,0.83,0.41,0.71
135.23,utilities,2025-01-15T17:22:06.284976,1.32,0.42,0.87,0.5
154.54,transportation,2025-08-14T17:22:06.284983,4.9,0.77,1.09,0.77
96.85,other,2025-04-23T17:22:06.284990,4.92,0.56,1.33,0.34
48.97,transportation,2025-08-18T17:22:06.285007,2.26,0.22,0.33,0.34
33.32,healthcare,2024-10-01T17:22:06.285019,1.47,0.18,0.65,0.73
186.3,utilities,2025-09-01T17:22:06.285033,3.08,0.56,1.07,0.7
89.13,travel,2025-03-10T17:22:06.285042,3.28,0.59,0.3,0.86
186.94,entertainment,2024-10-26T17:22:06.285054,3.54,0.24,1.44,0.99
15.45,education,2024-10-02T17:22:06.285065,2.57,0.42,1.21,0.4
11.57,transportation,2025-02-08T17:22:06.285076,0.66,0.63,0.59,0.49
111.65,other,2025-07-03T17:22:06.285089,4.05,0.34,0.12,0.36
168.84,transportation,2025-07-15T17:22:06.285100,4.44,0.59,0.39,0.69
67.94,shopping,2025-04-08T17:22:06.285113,4.05,0.86,0.44,0.75
141.66,utilities,2025-01-01T17:22:06.285121,4.88,0.36,0.8,0.55
172.5,transportation,2024-10-24T17:22:06.285128,4.05,0.77,0.46,0.94
196.58,shopping,2024-12-21T17:22:06.285135,2.99,0.55,0.57,0.77
165.79,travel,2024-10-23T17:22:06.285142,4.25,0.43,0.62,0.96
12.53,utilities,2024-11-11T17:22:06.285149,1.34,0.22,1.33,0.97
108.7,entertainment,2025-08-15T17:22:06.285155,4.73,0.46,0.97,0.92
159.71,healthcare,2025-07-13T17:22:06.285162,1.82,0.17,0.23,0.83
65.46,shopping,2025-06-06T17:22:06.285169,1.15,0.11,0.39,0.48
103.64,utilities,2025-02-17T17:22:06.285176,3.44,0.17,0.26,0.78
37.8,savings,2025-07-06T17:22:06.285183,3.49,0.88,0.13,0.58
192.41,utilities,2025-01-11T17:22:06.285190,4.29,0.5,1.22,0.32
73.99,travel,2025-07-22T17:22:06.285197,4.26,0.76,1.29,0.5
74.65,shopping,2025-08-02T17:22:06.285204,1.47,0.76,1.14,0.7
63.1,entertainment,2024-10-08T17:22:06.285215,2.26,0.37,1.18,0.93
198.49,shopping,2024-12-03T17:22:06.285227,1.73,0.19,0.42,1
121.65,education,2025-01-20T17:22:06.285239,4.18,0.96,0.49,0.63
6.97,education,2025-07-16T17:22:06.285247,4.57,0.26,1.01,0.57
146.57,shopping,2024-11-29T17:22:06.285255,4.53,0.71,0.56,0.9
78,shopping,2025-01-24T17:22:06.285262,4.46,0.76,0.86,0.65
102.52,entertainment,2025-05-29T17:22:06.285269,2.88,0.94,0.77,0.4
10.94,education,2024-11-26T17:22:06.285276,2.61,0.67,0.22,0.76
36.56,savings,2025-04-22T17:22:06.285283,2.78,0.59,0.15,0.67
110.48,savings,2025-02-28T17:22:06.285291,3.65,0.12,0.37,0.94
142.29,savings,2025-05-03T17:22:06.285298,4.06,0.37,0.9,0.65
12.21,education,2025-06-16T17:22:06.285305,3.3,0.17,1.16,0.79
75.64,shopping,2024-10-17T17:22:06.285311,2.56,0.86,1.31,0.64
94.47,savings,2024-12-27T17:22:06.285321,1.66,0.98,1.45,0.76
165.73,utilities,2024-11-12T17:22:06.285333,3.45,0.48,1.17,0.53
110.67,other,2025-08-18T17:22:06.285406,1.21,0.59,1.38,0.5
36.47,shopping,2024-12-10T17:22:06.285421,1.14,0.39,0.8,0.55
19.93,education,2025-04-05T17:22:06.285432,1.25,0.48,0.86,0.75
96.98,utilities,2024-12-12T17:22:06.285445,2.94,0.55,0.36,0.42
71.92,travel,2024-09-30T17:22:06.285457,2.41,0.44,0.32,0.65
21.89,utilities,2025-07-19T17:22:06.285467,3.31,0.71,0.51,0.47
22.97,other,2025-07-30T17:22:06.285474,3.77,0.86,0.93,0.98
85.48,travel,2025-01-26T17:22:06.285481,1.14,0.53,0.86,0.53
18.65,food,2025-04-29T17:22:06.285488,2.41,0.45,0.91,0.67
125,shopping,2025-01-09T17:22:06.285495,2.51,0.56,0.98,0.58
13.89,shopping,2024-12-25T17:22:06.285502,2.59,0.4,0.1,0.39
54.04,food,2025-03-06T17:22:06.285509,2.13,0.31,1.16,0.75
119.3,food,2025-02-24T17:22:06.285516,0.72,0.29,0.69,0.59
117.28,shopping,2025-01-27T17:22:06.285534,4.63,0.28,0.14,0.35
106.74,savings,2025-01-29T17:22:06.285541,2.91,0.33,0.72,0.56
122.27,food,2025-06-21T17:22:06.285549,3.02,0.68,0.28,0.64
71.19,travel,2025-06-13T17:22:06.285561,3.87,0.59,1.24,0.46
43.08,travel,2025-05-28T17:22:06.285572,4.46,0.42,1.36,0.95
146.26,other,2024-09-19T17:22:06.285584,3.35,0.66,1.07,0.97
127.37,other,2025-08-31T17:22:06.285595,2.23,0.41,1.19,0.72
69.82,healthcare,2024-11-14T17:22:06.285602,1.59,0.2,0.62,0.32
118.27,transportation,2025-08-31T17:22:06.285610,2.86,0.88,0.89,0.5
111.62,entertainment,2025-05-16T17:22:06.285618,0.54,0.71,0.41,0.98
196.37,travel,2025-02-27T17:22:06.285629,1.73,0.52,0.15,0.79
153.32,education,2025-06-17T17:22:06.285643,3.1,0.65,0.62,0.55
36.66,entertainment,2024-12-13T17:22:06.285650,2.21,0.54,1.3,0.31
150.16,entertainment,2025-06-13T17:22:06.285658,1.04,0.88,1.03,0.68
113.3,savings,2024-10-06T17:22:06.285665,1.77,0.89,0.12,0.72
99.95,entertainment,2025-03-17T17:22:06.285672,3.33,0.3,0.9,0.69
185.89,entertainment,2025-01-14T17:22:06.285679,4.19,0.2,0.99,0.7
86.95,food,2025-07-03T17:22:06.285685,1.62,0.77,0.75,0.99
11.89,entertainment,2025-07-08T17:22:06.285692,2.19,0.54,1.16,0.97
184.18,savings,2025-03-07T17:22:06.285699,0.83,0.46,1.33,0.43
94.55,education,2025-05-18T17:22:06.285707,3.13,0.86,0.37,0.85
199.93,travel,2025-04-07T17:22:06.285714,2.62,0.38,0.3,0.88
166.07,utilities,2025-07-18T17:22:06.285721,4.13,0.58,0.39,0.56
143.74,healthcare,2024-10-23T17:22:06.285728,1.19,0.65,0.47,0.39
146.86,savings,2024-12-24T17:22:06.285735,0.82,0.23,1.25,0.37
50.63,healthcare,2025-06-08T17:22:06.285742,2.58,0.55,0.18,0.38
169.81,utilities,2025-01-10T17:22:06.285748,4.47,0.76,0.53,0.77
71.84,utilities,2025-04-07T17:22:06.285756,1.21,0.55,1.45,0.38
35.78,other,2024-11-03T17:22:06.285763,1.93,0.83,1.27,0.58
100.6,food,2025-03-19T17:22:06.285770,0.71,0.82,0.52,0.57
14.88,shopping,2025-05-29T17:22:06.285777,2.78,0.98,0.18,0.53
184.37,utilities,2024-12-16T17:22:06.285785,1.59,0.75,0.53,0.63
25.1,food,2024-12-27T17:22:06.285792,0.72,0.59,0.55,0.56
193.27,travel,2025-08-01T17:22:06.285799,0.79,0.81,1.46,0.81
61.71,transportation,2024-10-24T17:22:06.285806,3.86,0.81,0.48,0.93
194.32,savings,2025-08-26T17:22:06.285813,4.59,0.64,0.82,0.5
137.99,other,2025-07-26T17:22:06.285820,3.35,0.81,0.88,0.39
93.41,transportation,2024-12-14T17:22:06.285827,2.78,0.8,0.36,0.72
46.48,healthcare,2025-03-28T17:22:06.285834,0.88,0.55,1.05,0.48
10.36,savings,2025-07-12T17:22:06.285840,0.65,0.81,0.1,0.92
118.22,healthcare,2024-09-30T17:22:06.285847,1,0.49,1.01,0.33
122.2,healthcare,2025-02-01T17:22:06.285854,2.97,0.76,1.11,0.92
19.22,utilities,2025-06-29T17:22:06.285861,3.95,0.43,0.6,0.5
67.1,travel,2025-01-28T17:22:06.285868,2.77,0.43,0.21,0.37
98.13,shopping,2025-04-30T17:22:06.285874,2.88,0.76,1.04,0.79
53.62,entertainment,2024-12-17T17:22:06.285881,3.43,0.74,1.23,0.57
6.12,healthcare,2024-10-19T17:22:06.285888,2.07,0.11,1.44,0.66
143.69,utilities,2025-06-28T17:22:06.285895,4.24,0.33,1.44,0.44
195.15,utilities,2025-01-18T17:22:06.285902,1.29,0.59,1.08,0.93
143.53,education,2025-08-04T17:22:06.285908,1.7,0.8,1.27,0.74
79.42,other,2025-08-28T17:22:06.285916,2.64,0.58,0.65,0.97
24.69,travel,2025-06-22T17:22:06.285925,0.97,0.25,1.47,0.39
164.42,utilities,2025-01-25T17:22:06.285937,4.18,0.17,1.46,0.77
129.59,utilities,2025-05-05T17:22:06.285948,2.61,0.3,0.44,0.69
112.04,healthcare,2024-10-27T17:22:06.285960,4.64,0.28,0.47,0.69
94.2,shopping,2025-08-21T17:22:06.285967,1.68,0.68,0.93,0.54
100.42,entertainment,2025-05-31T17:22:06.285975,4.52,0.77,0.26,0.66
72.82,savings,2025-04-02T17:22:06.285983,3.15,0.32,0.21,0.64
152.76,utilities,2025-01-21T17:22:06.285990,4.43,0.37,1.09,0.49
121.99,entertainment,2024-11-17T17:22:06.285997,1.83,0.51,0.76,0.57
99.35,other,2024-12-31T17:22:06.286004,2.82,0.43,1.08,0.69
57.89,savings,2025-07-26T17:22:06.286011,4.84,0.6,1.33,0.92
117.51,entertainment,2025-01-21T17:22:06.286018,4.86,0.41,1.36,0.49
56.37,food,2024-11-26T17:22:06.286026,1.8,0.69,1.34,0.49
172.78,other,2024-11-29T17:22:06.286033,4.21,0.79,0.11,0.89
21.41,savings,2024-12-08T17:22:06.286039,4.33,0.67,1.45,0.71
169.2,savings,2025-07-30T17:22:06.286047,0.94,0.48,0.14,0.55
74.93,healthcare,2024-10-01T17:22:06.286054,3.64,0.34,0.28,0.52
72.72,savings,2025-06-13T17:22:06.286060,4.03,0.59,1.3,0.89
68.65,healthcare,2024-11-13T17:22:06.286067,4.43,0.92,0.95,0.81
199.02,savings,2024-10-12T17:22:06.286074,4.3,0.48,1.32,0.98
94.65,shopping,2024-09-26T17:22:06.286086,3.29,0.77,0.6,0.94
9.46,food,2025-07-04T17:22:06.286098,1.22,0.85,0.98,0.43
25.07,other,2025-03-20T17:22:06.286109,3.01,0.11,1.03,0.53
47.74,education,2025-08-06T17:22:06.286120,2.56,0.44,1.08,0.95
77.92,entertainment,2025-07-02T17:22:06.286129,2.87,0.49,1.14,0.4
84.22,entertainment,2024-11-25T17:22:06.286137,1.98,0.31,1.22,0.93
63.04,transportation,2025-07-21T17:22:06.286144,4.24,0.51,1.38,0.32
197.16,savings,2025-01-19T17:22:06.286151,3.09,0.91,1.02,0.5
177.87,entertainment,2025-08-12T17:22:06.286159,1.28,0.21,0.66,0.73
181.34,other,2025-02-15T17:22:06.286170,1.06,0.17,1.14,0.5
40.76,shopping,2024-12-14T17:22:06.286182,4.28,0.8,0.57,0.42
93.22,shopping,2025-08-03T17:22:06.286194,4.95,0.93,1.05,0.59
178.02,other,2024-12-15T17:22:06.286202,1.94,0.39,0.34,0.94
127.49,food,2025-03-20T17:22:06.286209,0.67,0.31,0.27,0.4
172.72,utilities,2025-09-07T17:22:06.286216,2.09,0.58,0.16,0.63
101.46,travel,2024-12-01T17:22:06.286225,2.55,0.21,0.55,0.32
90.49,other,2025-07-10T17:22:06.286232,2.62,0.45,0.95,0.82
170.43,healthcare,2025-08-04T17:22:06.286239,4.31,0.82,1.43,0.51
173.64,healthcare,2025-03-17T17:22:06.286246,2.93,0.4,1.07,0.55
178.27,entertainment,2025-07-14T17:22:06.286253,4.8,0.54,0.72,0.79
66.92,food,2025-08-30T17:22:06.286260,0.99,0.75,0.29,0.49
190.38,entertainment,2025-07-04T17:22:06.286267,3.64,0.61,1.37,0.84
90.44,food,2025-01-11T17:22:06.286274,4.81,0.96,0.14,0.46
8.82,healthcare,2025-04-07T17:22:06.286281,1.52,0.79,0.62,0.93
161.21,food,2025-03-30T17:22:06.286292,3.19,0.41,0.16,0.3
26.65,healthcare,2025-03-26T17:22:06.286304,3.86,0.88,0.2,0.33
126.11,travel,2024-11-25T17:22:06.286315,1.83,0.76,0.62,0.71
72.26,utilities,2025-08-20T17:22:06.286324,0.85,0.45,1.24,0.76
148.18,food,2024-09-25T17:22:06.286331,1.91,0.89,0.17,0.37
28.04,healthcare,2025-06-11T17:22:06.286337,4.79,0.32,1.02,0.92
124.93,savings,2025-04-24T17:22:06.286344,2.01,0.48,1.36,0.85
162.67,entertainment,2024-10-06T17:22:06.286351,4.41,0.84,1.18,0.95
53.24,shopping,2025-06-25T17:22:06.286358,3.99,0.72,0.45,0.69
58.12,education,2025-08-28T17:22:06.286364,3.35,0.53,0.41,0.42
144.11,entertainment,2025-07-11T17:22:06.286371,3.18,0.61,1.09,0.63
155.24,education,2024-11-25T17:22:06.286379,3.9,0.31,0.32,0.52
109.32,shopping,2024-12-27T17:22:06.286389,4.19,0.58,0.96,0.83
7.92,utilities,2025-03-27T17:22:06.286399,0.7,0.47,1.28,0.76
44.66,shopping,2025-05-10T17:22:06.286410,2.98,0.43,1.22,0.71
22.31,travel,2024-09-25T17:22:06.286420,4.7,0.99,0.96,0.41
20.07,utilities,2025-03-22T17:22:06.286427,2.82,0.43,1.02,0.37
107.9,transportation,2025-08-14T17:22:06.286434,4.39,0.83,0.57,0.56
49.56,transportation,2025-08-23T17:22:06.286440,3.23,0.2,0.11,0.46
198.9,transportation,2024-11-07T17:22:06.286447,2.94,0.72,0.17,0.32
23.92,savings,2025-01-05T17:22:06.286454,4.64,0.55,1.12,0.34
5.64,food,2025-07-04T17:22:06.286462,1.03,0.43,1.49,0.52
42.78,shopping,2025-08-16T17:22:06.286469,3.01,0.58,0.93,0.57
15.62,savings,2025-09-08T17:22:06.286499,0.99,0.18,0.25,0.36
92.35,healthcare,2024-11-22T17:22:06.286511,2.45,0.64,0.48,0.64
181.82,savings,2025-03-20T17:22:06.286522,4.14,0.76,1.31,0.43
133.65,healthcare,2025-05-19T17:22:06.286534,2.62,0.35,0.45,0.94
163.3,shopping,2025-01-20T17:22:06.286542,3.69,0.13,1.4,0.59
105.86,other,2024-12-17T17:22:06.286550,0.53,0.58,1.29,0.94
16.15,food,2025-07-16T17:22:06.286558,2.25,0.56,0.67,0.3
38.02,travel,2024-12-14T17:22:06.286565,2.14,0.8,1.13,0.94
47.5,transportation,2025-02-27T17:22:06.286572,1.14,0.84,0.59,0.56
8.88,savings,2025-02-09T17:22:06.286579,4.66,0.17,0.33,0.72
131.87,education,2025-01-07T17:22:06.286586,3.37,0.37,0.18,0.83
96.09,healthcare,2024-10-26T17:22:06.286593,4.38,0.99,1.24,0.47
73.74,healthcare,2024-11-21T17:22:06.286600,4.92,0.74,0.24,0.95
145.68,travel,2025-03-24T17:22:06.286608,2.11,0.3,0.81,0.89
16.52,healthcare,2025-09-07T17:22:06.286618,2.26,0.57,0.37,0.78
116.52,transportation,2025-02-16T17:22:06.286629,2.97,0.59,0.6,0.61
114.86,food,2024-10-15T17:22:06.286641,1.9,0.76,1.4,0.47
129.28,entertainment,2024-12-05T17:22:06.286652,1.59,0.47,0.83,0.44
130.99,utilities,2025-09-05T17:22:06.286660,4.95,0.22,0.4,0.49
85,entertainment,2025-01-08T17:22:06.286667,2.85,0.97,1.07,0.86
166.09,healthcare,2024-10-17T17:22:06.286674,4.65,0.52,1.36,0.6
102.34,healthcare,2024-12-21T17:22:06.286681,3.79,0.55,0.27,0.35
7.72,other,2025-01-03T17:22:06.286688,1.28,0.27,0.37,0.54
150.23,savings,2024-11-22T17:22:06.286698,1.61,0.45,0.12,0.65
28.39,entertainment,2024-09-28T17:22:06.286710,1.52,1,0.89,0.54
78.9,shopping,2025-04-04T17:22:06.286720,4.48,0.21,0.53,0.71
140.82,entertainment,2025-02-23T17:22:06.286727,1.38,0.32,1.15,0.62
170.7,shopping,2024-11-24T17:22:06.286733,4.26,0.2,1.33,0.77
159.46,education,2025-04-02T17:22:06.286740,4.68,0.25,0.72,0.92
9.27,food,2025-03-11T17:22:06.286747,1.27,0.7,0.66,0.88
98.26,transportation,2024-12-01T17:22:06.286754,4.63,0.92,1.33,0.51
165.62,entertainment,2025-01-22T17:22:06.286761,0.53,0.79,0.65,0.42
8.44,savings,2024-10-22T17:22:06.286768,1.73,0.7,1.25,0.88
195.37,utilities,2024-09-27T17:22:06.286775,1.7,0.44,0.82,0.57
69.59,travel,2024-10-12T17:22:06.286782,0.67,0.16,0.12,0.49
84.3,travel,2025-06-08T17:22:06.286789,4.12,0.79,1.2,0.33
25.76,healthcare,2025-02-23T17:22:06.286796,0.6,0.13,0.82,0.98
49.15,education,2025-09-10T17:22:06.286803,2.55,0.94,0.9,0.69
181.51,entertainment,2024-10-06T17:22:06.286811,4.39,0.11,1.32,0.38
70.27,other,2025-05-09T17:22:06.286818,4.16,0.35,1.43,0.94
153.33,food,2024-09-11T17:22:06.286824,3.49,0.35,0.96,0.73
142.43,other,2025-02-24T17:22:06.286832,1.33,0.52,0.25,0.55
172.59,food,2025-06-14T17:22:06.286838,3.51,0.37,1.17,0.88
138.37,savings,2024-09-13T17:22:06.286846,2.56,0.84,1.23,0.75
180.06,transportation,2024-10-24T17:22:06.286852,2.39,0.49,0.47,0.9
39.67,food,2024-12-24T17:22:06.286860,0.75,0.47,0.71,0.75
134.71,transportation,2025-01-13T17:22:06.286866,1.02,0.65,1.05,0.9
140.05,other,2025-02-03T17:22:06.286873,0.79,0.98,1.38,0.63
139.21,entertainment,2025-04-19T17:22:06.286880,0.95,0.39,0.67,0.88
177.4,transportation,2025-03-10T17:22:06.286887,3.69,0.89,1.27,1
130.51,shopping,2025-07-31T17:22:06.286894,3.08,0.43,1.19,0.57
145.44,savings,2025-06-26T17:22:06.286900,1.29,0.31,0.95,0.31
143.2,utilities,2024-10-13T17:22:06.286907,1.85,0.53,0.18,0.76
171.47,shopping,2024-11-16T17:22:06.286915,2.67,0.73,1.1,0.82
86.97,healthcare,2025-08-31T17:22:06.286921,1.44,0.69,0.96,0.56
5.66,food,2025-02-13T17:22:06.286931,2.12,0.36,1.44,0.5
39.84,other,2024-09-27T17:22:06.286941,1.04,0.53,0.21,0.96
40.67,travel,2025-03-29T17:22:06.286953,2.77,0.59,0.41,0.33
34.32,other,2025-03-26T17:22:06.286965,3.98,0.48,0.67,0.83
31.74,entertainment,2025-06-15T17:22:06.286975,0.61,0.14,0.43,0.8
53.41,other,2025-01-14T17:22:06.286986,2.73,0.1,0.37,0.4
114.04,savings,2025-04-01T17:22:06.286997,4.7,0.75,0.65,0.66
182.33,savings,2025-02-06T17:22:06.287008,2.41,0.39,0.39,0.98
113.39,utilities,2025-04-30T17:22:06.287019,4.29,0.75,0.4,0.87
186.64,food,2025-06-01T17:22:06.287030,3.18,0.74,0.86,0.47
192.41,shopping,2024-11-06T17:22:06.287041,0.72,0.38,0.31,0.61
198.55,education,2025-05-27T17:22:06.287052,2.91,0.76,0.42,0.58
86.52,food,2025-01-29T17:22:06.287063,3.93,0.8,1.18,0.8
57.58,savings,2024-12-03T17:22:06.287074,4.92,0.64,1.26,0.55
161.04,shopping,2025-02-01T17:22:06.287087,3.97,0.81,1.49,0.54
30.21,utilities,2025-01-26T17:22:06.287098,3.72,0.52,0.4,0.36
151.63,other,2025-01-06T17:22:06.287111,4.95,0.17,0.88,0.35
166.51,shopping,2024-11-23T17:22:06.287123,1.37,0.91,0.6,0.71
9.64,healthcare,2025-02-28T17:22:06.287134,3.2,0.41,0.57,0.7
64.49,other,2024-10-08T17:22:06.287142,2.82,0.8,0.92,0.42
145.74,food,2025-08-15T17:22:06.287150,4.69,0.75,1.11,0.77
123.86,savings,2024-11-29T17:22:06.287157,3.73,0.65,1.35,0.41
79.3,education,2025-03-22T17:22:06.287165,4.16,0.88,0.78,0.9
35.34,food,2025-07-21T17:22:06.287176,3.66,0.87,0.28,0.5
120.91,shopping,2025-04-03T17:22:06.287188,2.06,0.63,1.2,0.48
174.17,transportation,2024-09-15T17:22:06.287199,3.79,0.48,0.62,0.43
74.39,education,2025-04-12T17:22:06.287208,4.24,0.84,0.6,0.95
130.38,transportation,2024-11-16T17:22:06.287215,2.57,0.55,0.41,0.48
174.16,shopping,2025-08-13T17:22:06.287223,4.68,0.98,0.49,0.52
113.95,other,2025-07-11T17:22:06.287229,2.71,0.66,0.58,0.61
144.07,other,2024-12-04T17:22:06.287237,4.07,0.85,1.39,0.43
5.51,transportation,2024-10-11T17:22:06.287248,4.46,0.61,0.16,0.35
12.07,shopping,2025-08-20T17:22:06.287259,2.19,0.63,0.79,0.61
79.04,entertainment,2024-12-13T17:22:06.287272,2.39,0.35,1.24,0.78
29.03,education,2025-01-10T17:22:06.287280,4.57,0.8,0.11,0.43
80.21,food,2024-12-19T17:22:06.287286,3.88,0.43,0.95,0.67
43.82,utilities,2025-05-18T17:22:06.287293,3.18,0.7,0.87,0.47
56.34,savings,2024-10-05T17:22:06.287300,4.38,0.28,0.23,0.85
124.97,travel,2024-09-12T17:22:06.287307,4.45,0.3,0.2,0.48
13.32,entertainment,2025-07-21T17:22:06.287314,2.96,0.45,0.58,0.9
103.98,transportation,2024-12-31T17:22:06.287321,3.66,0.81,0.55,0.64
175.68,education,2025-08-10T17:22:06.287328,0.66,0.75,0.27,0.84
126.05,utilities,2024-12-30T17:22:06.287335,4.39,1,0.25,0.88
118.78,transportation,2025-08-24T17:22:06.287342,3.96,0.8,0.19,0.68
171.42,healthcare,2025-02-17T17:22:06.287348,1.73,0.86,1.21,0.77
145.99,entertainment,2025-03-23T17:22:06.287355,3.13,0.72,0.27,0.32
53.73,transportation,2025-04-16T17:22:06.287365,3.68,0.79,1.23,0.82
9.69,savings,2025-07-03T17:22:06.287376,4.49,0.98,0.15,0.95
81.89,entertainment,2025-05-08T17:22:06.287389,1.58,0.64,0.39,0.49
43.8,education,2025-01-10T17:22:06.287399,1.88,0.3,0.11,0.98
104.92,healthcare,2025-08-02T17:22:06.287406,4.57,0.84,0.32,0.7
181.41,shopping,2024-11-12T17:22:06.287415,1.64,0.47,0.5,0.4
123.62,shopping,2025-01-04T17:22:06.287426,4.43,0.74,0.46,0.32
54.17,shopping,2025-01-24T17:22:06.287438,0.92,0.36,1,0.52
132.31,food,2025-03-29T17:22:06.287445,2.96,0.39,1.21,0.61
7.57,travel,2024-11-22T17:22:06.287452,0.69,0.17,0.3,0.96
58.04,entertainment,2025-02-26T17:22:06.287459,3.78,0.98,1.26,0.34
194.18,healthcare,2025-07-05T17:22:06.287466,2.6,0.54,1.24,0.87
35.84,food,2025-07-07T17:22:06.287474,4.38,0.3,0.41,0.39
151.95,transportation,2025-07-12T17:22:06.287481,1.48,0.34,1.16,0.7
9.06,entertainment,2024-10-29T17:22:06.287490,2.29,0.26,0.26,0.78
109.14,savings,2025-02-13T17:22:06.287502,0.53,0.82,0.5,0.89
133.32,education,2025-05-31T17:22:06.287513,2.18,0.12,0.85,0.55
124.04,food,2024-10-30T17:22:06.287522,1.55,0.19,1.04,0.39
87.78,savings,2025-02-06T17:22:06.287530,3.08,0.48,1.47,0.74
130.82,utilities,2025-07-11T17:22:06.287537,2.92,0.34,0.27,0.66
96.07,entertainment,2024-10-22T17:22:06.287545,3.1,0.66,1.11,0.57
53.53,other,2025-05-25T17:22:06.287552,1.16,0.51,0.49,0.81
195.88,food,2025-01-07T17:22:06.287559,1.25,0.45,1.5,0.75
110.71,healthcare,2025-01-09T17:22:06.287566,2.35,0.37,0.22,0.38
145.75,food,2024-10-28T17:22:06.287573,0.63,0.67,0.98,0.71
40.23,utilities,2025-04-10T17:22:06.287580,2.52,0.93,0.13,0.49
48.63,utilities,2025-04-12T17:22:06.287586,4.37,0.96,1.29,0.41
173.55,shopping,2025-07-10T17:22:06.287595,3.33,0.87,1.42,0.87
119.02,travel,2025-08-01T17:22:06.287601,1.93,0.83,0.76,0.93
53.52,shopping,2025-07-23T17:22:06.287608,4.14,0.54,0.41,0.88
181.29,transportation,2025-05-23T17:22:06.287615,3.67,0.34,1.05,0.92
77.14,food,2025-05-18T17:22:06.287622,4.72,0.79,1.07,0.61
100.52,healthcare,2025-05-26T17:22:06.287629,0.83,0.55,0.77,0.53
191.45,education,2024-10-10T17:22:06.287635,3.3,0.31,0.43,0.56
53.17,food,2025-04-15T17:22:06.287642,3.87,0.74,1.34,0.37
127.66,travel,2025-06-27T17:22:06.287649,1.54,0.59,1.25,0.96
103.54,transportation,2025-06-03T17:22:06.287656,3.69,0.91,0.93,0.8
90.22,utilities,2025-09-09T17:22:06.287663,3.63,0.33,0.36,0.76
95.52,other,2024-10-29T17:22:06.287669,3.69,0.78,0.15,0.73
33.42,education,2025-08-22T17:22:06.287676,4.77,0.85,0.37,0.87
86.72,utilities,2025-07-19T17:22:06.287683,2.29,0.71,0.76,0.76
194.79,healthcare,2025-08-16T17:22:06.287689,3.43,0.6,0.94,0.76
98.94,transportation,2025-08-05T17:22:06.287701,1.5,0.17,0.26,0.62
178.71,transportation,2025-03-20T17:22:06.287712,2.37,0.75,0.85,0.48
43.07,education,2025-09-04T17:22:06.287724,3.14,0.41,1.38,0.97
183.1,entertainment,2024-10-12T17:22:06.287736,4.37,0.68,1.2,0.72
124.27,transportation,2024-09-19T17:22:06.287748,4.62,0.53,0.75,0.7
114.79,shopping,2025-03-22T17:22:06.287758,1.11,0.85,0.18,0.8
149.28,utilities,2025-07-08T17:22:06.287765,0.73,0.79,1.27,0.43
73.69,other,2025-02-22T17:22:06.287772,4.69,0.75,1.47,0.39
80.87,other,2024-10-27T17:22:06.287780,3.7,0.49,1.27,0.49
77.93,entertainment,2025-05-17T17:22:06.287786,3.96,0.25,0.77,0.53
176.3,travel,2025-09-09T17:22:06.287794,2.09,0.57,0.63,0.4
137.29,savings,2024-11-24T17:22:06.287805,3.29,0.92,0.18,0.71
38.88,healthcare,2025-08-31T17:22:06.287815,3.95,0.85,1.08,0.3
7.02,travel,2024-10-05T17:22:06.287827,1.3,0.32,0.76,0.54
78.86,savings,2024-10-19T17:22:06.287835,1.82,0.53,0.3,0.31
122.87,entertainment,2025-03-23T17:22:06.287841,3.41,0.87,0.85,0.45
50.45,healthcare,2025-07-10T17:22:06.287849,3.69,0.45,1.43,0.85
67.65,savings,2024-12-06T17:22:06.287857,0.81,0.14,1,0.9
39.72,savings,2024-12-07T17:22:06.287864,2.88,0.61,0.51,0.86
78.88,other,2024-09-19T17:22:06.287871,4.55,0.82,0.25,0.77
171.77,transportation,2025-01-05T17:22:06.287880,0.6,0.82,0.9,0.8
108.45,food,2025-06-15T17:22:06.287890,0.94,0.99,0.18,0.9
17.09,transportation,2025-07-10T17:22:06.287901,3.56,0.53,0.42,0.52
91.78,shopping,2025-05-18T17:22:06.287911,3.21,0.64,0.56,0.41
176.9,entertainment,2024-12-27T17:22:06.287945,3.99,0.4,0.96,0.58
79.08,healthcare,2025-06-25T17:22:06.287952,2.02,0.79,1.08,0.56
42.8,savings,2025-03-15T17:22:06.287959,1.53,0.41,1.41,0.45
51.37,other,2024-12-05T17:22:06.287970,1.3,0.89,0.37,0.93
189.34,education,2024-11-04T17:22:06.287978,0.86,0.57,1.34,0.83
132.79,savings,2025-07-06T17:22:06.287984,1.92,0.95,0.22,0.99
99.84,savings,2025-01-25T17:22:06.287992,2.06,0.5,0.52,0.77
76.2,other,2025-03-29T17:22:06.287999,1.66,0.26,0.71,0.58
159.59,transportation,2025-07-25T17:22:06.288006,1.96,0.75,1.3,0.91
67.19,healthcare,2025-02-10T17:22:06.288013,2.63,0.81,1.23,0.77
17.69,education,2025-04-14T17:22:06.288192,3.86,0.99,0.95,0.62
17.83,transportation,2024-11-18T17:22:06.288204,1.09,0.27,0.6,0.44
75.56,entertainment,2025-03-01T17:22:06.288211,1.34,0.96,0.2,0.61
13.76,travel,2024-11-28T17:22:06.288219,3.91,0.81,0.82,0.79
19.95,utilities,2025-08-31T17:22:06.288226,0.88,0.3,1.3,0.99
182.45,healthcare,2025-03-05T17:22:06.288233,2.54,0.7,1.37,0.61
101.33,shopping,2024-11-19T17:22:06.288240,2.15,0.56,1.34,0.89
146.26,shopping,2025-02-12T17:22:06.288250,0.63,0.29,0.66,0.63
155.31,other,2025-08-19T17:22:06.288265,2.99,0.2,1.27,0.64
67.97,other,2025-07-22T17:22:06.288276,1.45,0.75,0.12,0.54
50.95,entertainment,2024-10-06T17:22:06.288287,4.62,0.35,1.07,0.33
198.2,travel,2025-08-06T17:22:06.288297,4.91,0.61,1.21,0.73
27.48,shopping,2024-11-18T17:22:06.288305,2.23,0.36,1.34,0.59
110.08,utilities,2024-10-28T17:22:06.288327,3.41,0.34,1.42,0.96
61.12,food,2025-03-12T17:22:06.288341,4.57,0.27,0.39,0.78
11.77,other,2025-08-24T17:22:06.288354,0.65,0.41,0.97,0.36
104.15,transportation,2025-02-08T17:22:06.288366,3.33,0.57,0.42,0.66
14.24,education,2025-03-31T17:22:06.288375,3.22,0.55,0.68,0.43
180.26,entertainment,2025-02-27T17:22:06.288387,2.53,0.51,1.06,0.96
14.34,healthcare,2024-12-05T17:22:06.288394,3.79,0.18,0.11,0.95
193.09,utilities,2024-10-02T17:22:06.288401,1.66,0.68,1.32,0.74
151.02,food,2025-02-18T17:22:06.288408,3.26,0.55,0.49,0.87
50.43,travel,2025-01-27T17:22:06.288415,3.52,0.88,1.36,0.34
9.6,healthcare,2025-04-04T17:22:06.288423,4.05,0.76,1.16,0.89
51.51,shopping,2024-09-13T17:22:06.288430,4.83,0.46,0.71,0.54
92.9,travel,2024-10-06T17:22:06.288437,1.73,0.86,0.53,0.95
175.28,travel,2024-10-18T17:22:06.288449,3.7,0.47,0.93,0.98
114.96,shopping,2025-08-13T17:22:06.288460,1.87,0.74,1.35,0.34
103.78,savings,2025-04-29T17:22:06.288471,4.61,0.59,0.39,0.84
191.39,transportation,2025-02-21T17:22:06.288480,2.78,0.48,0.53,0.49
23.17,other,2024-09-16T17:22:06.288487,3.32,0.6,1.07,0.71
82.44,food,2024-09-16T17:22:06.288494,2.36,0.21,0.95,0.51
154.96,food,2025-05-31T17:22:06.288506,3.54,0.2,1.23,0.77
180.57,utilities,2024-11-06T17:22:06.288513,2.63,0.68,0.22,0.52
92.84,transportation,2025-06-11T17:22:06.288520,1.21,0.48,1.39,0.78
13.44,other,2025-04-04T17:22:06.288527,4.45,0.91,0.41,0.97
120.61,healthcare,2024-12-20T17:22:06.288535,4.25,0.16,0.64,0.77
111.96,shopping,2025-09-10T17:22:06.288542,0.54,0.41,0.81,0.47
18.81,savings,2025-02-09T17:22:06.288549,1.22,0.69,0.64,0.99
163.64,savings,2024-12-06T17:22:06.288556,1.14,0.43,0.86,0.46
143.93,education,2025-06-28T17:22:06.288563,3.56,0.14,1.17,0.96
157.66,food,2025-06-25T17:22:06.288570,4.62,0.48,1.12,0.4
187.41,healthcare,2024-10-25T17:22:06.288577,2.3,0.75,1.1,0.8
197.62,food,2025-08-14T17:22:06.288583,3.47,0.47,0.21,0.83
184.12,shopping,2024-12-20T17:22:06.288597,1.27,0.8,0.31,0.47
125.26,entertainment,2024-12-20T17:22:06.288609,1.81,0.95,0.43,0.57
106.83,shopping,2025-09-04T17:22:06.288623,3.18,0.21,0.25,0.76
171.47,travel,2024-09-13T17:22:06.288632,2.37,0.75,0.98,0.88
186.28,transportation,2024-12-25T17:22:06.288639,2.43,0.5,0.45,0.83
189.13,shopping,2025-09-02T17:22:06.288646,1.47,0.32,0.23,0.34
43.91,transportation,2025-04-23T17:22:06.288653,3.19,0.94,0.89,0.6
139.57,savings,2025-07-01T17:22:06.288659,2.31,0.23,0.49,0.65
105.62,utilities,2025-01-23T17:22:06.288666,3.61,0.7,1.34,0.49
111.93,food,2024-12-17T17:22:06.288673,3.07,0.61,1.08,0.94
39.81,travel,2024-12-26T17:22:06.288680,3.21,0.93,1.29,0.73
135.39,travel,2024-12-13T17:22:06.288687,2,0.62,1.47,0.45
162.54,transportation,2025-02-21T17:22:06.288695,4.23,0.34,0.56,0.72
64.89,food,2025-08-26T17:22:06.288703,4.44,0.79,0.76,0.49
157.16,utilities,2025-08-13T17:22:06.288714,2.87,0.92,0.11,0.87
17.05,travel,2025-09-01T17:22:06.288726,1.99,0.57,1.24,0.78
82.55,other,2024-11-19T17:22:06.288737,3.63,0.4,1.17,0.41
197.77,other,2025-01-28T17:22:06.288745,1.57,0.14,0.18,0.65
163.6,utilities,2025-08-05T17:22:06.288754,0.84,0.38,0.22,0.33
134.72,food,2024-10-30T17:22:06.288765,2.16,0.49,0.98,0.34
152.6,other,2025-03-24T17:22:06.288787,4.48,0.98,0.66,0.49
37.24,entertainment,2025-04-23T17:22:06.288799,3.74,0.58,0.71,0.76
179.12,food,2025-03-16T17:22:06.288812,4.32,0.88,0.84,0.6
75.77,transportation,2024-12-13T17:22:06.288823,2.01,0.2,1.06,0.68
107.11,travel,2025-07-08T17:22:06.288830,1.09,0.12,0.27,0.58
188.03,entertainment,2024-10-12T17:22:06.288837,1.3,0.59,1.43,0.33
148.61,savings,2024-10-10T17:22:06.288845,3.7,0.34,0.44,0.42
13.04,travel,2024-09-20T17:22:06.288852,4.68,0.19,0.25,0.76
175.17,other,2025-02-04T17:22:06.288859,0.72,0.92,0.38,0.75
54.96,transportation,2024-09-23T17:22:06.288865,3.23,0.53,1.37,0.47
37.56,transportation,2025-01-19T17:22:06.288872,0.57,0.46,0.18,0.36
137.48,travel,2025-04-09T17:22:06.288879,0.71,0.92,0.37,0.95
195.01,savings,2024-10-16T17:22:06.288886,1.41,0.87,1.46,0.68
56.51,savings,2025-01-16T17:22:06.288893,2.14,0.85,0.29,0.66
103.04,travel,2025-01-07T17:22:06.288900,3.71,0.48,0.66,0.31
81.38,transportation,2025-04-16T17:22:06.288907,2.49,0.6,0.28,0.82
73.04,shopping,2025-02-01T17:22:06.288914,3.46,0.26,1.28,0.32
150.22,food,2024-09-13T17:22:06.288921,1.96,0.99,1.37,0.4
146.37,other,2025-04-07T17:22:06.288928,0.81,0.45,1.07,0.83
126.55,savings,2024-11-02T17:22:06.288935,0.94,0.15,0.64,0.34
156.07,utilities,2024-09-26T17:22:06.288942,3.23,0.48,0.91,0.93
26.84,entertainment,2025-04-25T17:22:06.288949,2.75,0.16,0.15,0.6
15.17,entertainment,2025-07-20T17:22:06.288956,1.07,0.62,0.28,0.62
160.18,healthcare,2025-09-06T17:22:06.288963,3.87,0.69,1.27,0.97
152.67,travel,2025-03-16T17:22:06.288970,1.22,0.75,0.94,0.39
25.53,utilities,2025-04-13T17:22:06.288976,3.24,0.33,0.42,0.54
142.63,healthcare,2025-02-16T17:22:06.288983,2.07,0.91,0.13,0.68
12.21,transportation,2025-07-26T17:22:06.288990,0.96,0.42,0.32,0.7
107.28,shopping,2025-04-10T17:22:06.288998,2.41,0.41,0.57,0.37
65.3,transportation,2024-10-26T17:22:06.289005,1.21,0.71,0.62,0.57
125.99,entertainment,2025-05-21T17:22:06.289012,1.73,0.77,0.75,0.94
156.59,entertainment,2025-03-14T17:22:06.289019,3.09,0.21,0.84,0.57
94.28,other,2025-07-17T17:22:06.289038,0.8,0.6,1.36,0.59
16.93,transportation,2024-12-08T17:22:06.289045,3.26,0.56,1.03,0.41
112.69,other,2025-01-04T17:22:06.289052,4.76,0.97,1.31,0.57
186.48,other,2024-11-14T17:22:06.289059,1.63,0.94,0.31,0.5
178.13,utilities,2025-09-05T17:22:06.289066,3.74,0.86,1.24,0.69
156.61,entertainment,2024-11-12T17:22:06.289073,2.88,0.16,1.05,0.99
10.42,other,2024-09-30T17:22:06.289080,0.55,0.72,0.4,0.71
49.39,healthcare,2024-12-21T17:22:06.289087,2.8,0.78,0.41,0.71
119.59,travel,2025-01-24T17:22:06.289094,2.95,0.95,0.75,0.93
178.67,savings,2024-11-08T17:22:06.289101,2.26,0.68,0.55,0.87
49.72,utilities,2025-06-25T17:22:06.289108,1.03,0.95,1.34,0.36
176.21,travel,2025-04-14T17:22:06.289115,2.82,0.72,0.15,0.37
122.24,healthcare,2024-10-28T17:22:06.289121,0.88,0.53,1,0.98
164.92,utilities,2025-09-08T17:22:06.289128,4.41,0.72,1.27,0.52
112.58,transportation,2025-07-19T17:22:06.289136,2.24,0.27,0.94,0.84
181.97,entertainment,2024-12-02T17:22:06.289146,0.51,0.94,0.84,0.36
56.18,entertainment,2025-09-11T17:22:06.289157,3.33,0.3,0.38,0.65
192.13,utilities,2025-06-07T17:22:06.289167,3.18,0.93,1.36,0.46
144.41,entertainment,2024-11-16T17:22:06.289177,0.95,0.49,0.13,0.31
60.69,savings,2025-08-19T17:22:06.289189,3.67,0.24,1.2,0.67
71.5,travel,2024-10-19T17:22:06.289202,2.58,0.29,1.1,0.37
34.52,education,2025-02-07T17:22:06.289210,4.74,0.94,0.32,0.61
98.14,education,2025-08-24T17:22:06.289218,4.75,0.5,1.29,0.96
30.72,travel,2024-11-20T17:22:06.289225,4.92,0.47,0.65,0.99
174.1,education,2024-11-24T17:22:06.289235,2.38,0.5,0.46,0.58
195.97,utilities,2024-12-22T17:22:06.289243,4.44,0.39,1.18,0.86
98.89,transportation,2025-09-07T17:22:06.289250,4.46,0.78,0.42,0.35
87.93,healthcare,2024-10-03T17:22:06.289257,4,0.39,1.09,0.55
129.49,transportation,2025-03-31T17:22:06.289264,3.28,0.12,0.21,0.75
75.03,healthcare,2025-03-09T17:22:06.289271,1.85,0.73,1.4,0.72
110.26,utilities,2024-09-24T17:22:06.289278,1.41,0.44,1.42,0.32
184.29,utilities,2025-05-15T17:22:06.289285,1.48,0.11,1.25,0.95
188.01,food,2025-04-22T17:22:06.289293,4.64,0.59,0.75,0.38
21.23,other,2024-10-18T17:22:06.289300,5,0.58,0.95,0.52
198.71,savings,2025-04-09T17:22:06.289307,1.05,0.2,0.87,0.85
116.34,shopping,2025-04-03T17:22:06.289314,2.62,0.98,0.6,0.75
141.49,utilities,2025-01-06T17:22:06.289321,1.07,0.94,0.45,0.4
38.94,other,2024-09-17T17:22:06.289327,4.68,0.4,0.2,0.34
145.28,other,2025-02-11T17:22:06.289338,1.77,0.8,1.47,0.79
103.85,entertainment,2024-09-24T17:22:06.289363,2.47,0.12,0.66,0.35
178.57,shopping,2024-09-22T17:22:06.289375,3.2,0.93,0.97,0.73
109.7,travel,2025-02-15T17:22:06.289388,0.53,0.17,0.36,0.36
154.36,entertainment,2025-08-10T17:22:06.289399,4,0.45,0.64,0.54
172.53,other,2024-10-05T17:22:06.289658,1.08,0.56,0.69,0.84
186.76,education,2024-09-30T17:22:06.289676,1.43,0.77,0.24,0.97
97.19,travel,2024-09-12T17:22:06.289684,4.47,0.85,0.39,0.88
139.35,shopping,2025-03-05T17:22:06.289691,4.92,0.78,1.13,0.94
49.7,healthcare,2025-04-30T17:22:06.289704,1.43,0.48,1.39,0.32
120.47,other,2025-07-14T17:22:06.289715,3.78,0.46,0.45,0.3
161.51,transportation,2024-09-23T17:22:06.289728,0.57,0.26,0.65,0.99
108.57,savings,2025-03-18T17:22:06.289756,3.1,0.62,0.72,0.42
67.71,travel,2024-10-20T17:22:06.289764,2.47,0.21,1.14,0.64
35.34,transportation,2025-05-22T17:22:06.289771,4.84,0.59,1.41,0.36
108.96,food,2024-10-21T17:22:06.289778,3.06,0.98,1.03,0.5
187.34,savings,2024-12-18T17:22:06.289785,3.37,0.91,0.89,0.58
100.18,travel,2025-05-07T17:22:06.289792,2.86,0.86,0.8,0.64
153.44,entertainment,2025-06-12T17:22:06.289799,4.89,0.18,0.35,0.57
118.11,utilities,2025-01-26T17:22:06.289806,3.59,0.74,0.98,0.59
95.19,savings,2025-04-24T17:22:06.289813,1.16,0.47,1.12,0.51
30.45,education,2024-10-23T17:22:06.289825,2.19,0.42,1.19,0.59
109.18,travel,2025-01-19T17:22:06.289836,3.2,0.96,0.64,0.75
12.83,healthcare,2025-08-03T17:22:06.289843,4.22,0.68,0.19,0.54
107.39,shopping,2025-05-02T17:22:06.289850,2.82,0.45,1.39,0.57
140.41,entertainment,2025-06-27T17:22:06.289857,0.62,0.34,1.25,0.83
69.97,travel,2025-07-05T17:22:06.289870,3.39,0.57,0.59,0.89
177.55,other,2024-12-01T17:22:06.289877,4.57,0.78,0.88,0.55
129.19,utilities,2025-05-30T17:22:06.289884,2.53,0.74,1.24,0.8
158.12,shopping,2024-09-22T17:22:06.289891,2.08,0.52,1.34,1
22.69,entertainment,2025-05-05T17:22:06.289899,3.57,0.93,0.57,0.69
46.81,entertainment,2024-10-05T17:22:06.289914,3.6,0.73,0.32,0.44
140.47,other,2025-04-02T17:22:06.289929,1.85,0.34,0.54,0.78
182.96,healthcare,2024-12-31T17:22:06.289937,4.39,0.5,0.19,0.8
108.86,savings,2025-03-15T17:22:06.289943,2.97,0.84,0.54,0.43
144.6,transportation,2024-10-06T17:22:06.289950,4.17,0.87,0.25,0.75
10.08,healthcare,2025-04-15T17:22:06.289957,2.4,0.5,0.46,0.75
157.29,entertainment,2025-02-13T17:22:06.289964,2.69,0.87,1.11,0.74
184.6,travel,2025-03-14T17:22:06.289975,1.03,0.2,0.88,0.47
148.11,healthcare,2025-04-17T17:22:06.289985,3.22,0.33,0.38,0.63
139.07,other,2024-09-27T17:22:06.289998,2.41,0.67,1.32,0.51
26.45,shopping,2024-09-14T17:22:06.290008,4.13,0.52,0.91,0.44
191.64,food,2025-06-16T17:22:06.290015,4.58,0.65,1.45,0.5
51.67,entertainment,2025-05-16T17:22:06.290022,3.77,0.89,1.36,0.34
54.62,savings,2024-11-25T17:22:06.290030,1.35,0.24,1.28,0.32
18.24,savings,2025-05-01T17:22:06.290037,2.79,0.43,0.54,0.98
27.78,shopping,2025-04-15T17:22:06.290044,0.69,0.89,0.3,0.82
189.75,education,2024-11-21T17:22:06.290052,2.8,0.65,1.36,0.3
6.85,food,2025-02-14T17:22:06.290062,2.01,0.2,0.34,0.88
54.13,shopping,2025-03-05T17:22:06.290075,3.25,0.11,0.7,0.7
193.34,travel,2024-10-23T17:22:06.290083,3.59,0.82,1.04,0.55
37.23,food,2025-08-07T17:22:06.290090,1.05,0.58,0.9,0.76
145.55,transportation,2024-11-27T17:22:06.290097,2.45,0.89,0.12,0.58
160.27,healthcare,2025-08-20T17:22:06.290104,1.24,0.76,1.45,0.39
8.79,other,2024-11-18T17:22:06.290110,4.17,0.38,0.13,0.37
67.47,education,2025-03-23T17:22:06.290117,4.09,0.31,1.32,0.69
105.35,food,2024-11-27T17:22:06.290124,1.94,0.92,0.93,0.87
94.17,education,2024-12-09T17:22:06.290132,3.67,0.28,0.91,0.88
163.77,utilities,2024-11-11T17:22:06.290149,4.47,0.21,1.11,0.38
195.19,transportation,2025-06-20T17:22:06.290160,0.97,0.51,0.16,0.39
11.12,healthcare,2024-10-28T17:22:06.290172,2.95,0.84,1.04,0.35
37.42,utilities,2024-10-02T17:22:06.290181,4.27,0.88,0.19,0.86
73.28,food,2024-09-15T17:22:06.290189,3.32,0.44,0.81,0.95
167.91,entertainment,2024-10-04T17:22:06.290200,3.1,0.37,1.22,0.86
70.91,entertainment,2025-05-14T17:22:06.290207,2.02,0.11,1.43,0.86
187.88,savings,2024-11-29T17:22:06.290214,1.66,0.69,0.12,0.59
59.7,utilities,2025-01-24T17:22:06.290222,3.64,0.27,1.49,0.45
97.97,entertainment,2024-09-21T17:22:06.290228,4.41,0.16,0.86,0.77
138.6,shopping,2024-09-30T17:22:06.290237,3.72,0.81,0.71,0.6
182.94,education,2025-08-14T17:22:06.290244,2.68,0.79,0.39,0.77
99.71,other,2025-04-23T17:22:06.290250,0.68,0.24,1.3,0.65
7.63,transportation,2025-08-19T17:22:06.290257,1.6,0.52,0.19,0.67
47.42,other,2025-08-30T17:22:06.290265,2.6,0.19,0.73,0.32
28.79,food,2025-07-14T17:22:06.290272,3.71,0.11,0.84,0.53
85.34,healthcare,2024-11-02T17:22:06.290279,0.7,0.6,0.68,0.46
61.49,travel,2025-01-22T17:22:06.290286,4.39,0.49,0.75,0.87
6.92,other,2025-02-05T17:22:06.290293,1.31,0.31,0.85,0.58
91.79,savings,2025-02-24T17:22:06.290300,2.37,0.28,0.31,0.58
32.8,travel,2025-04-22T17:22:06.290307,3.6,0.25,0.49,0.66
66.69,healthcare,2025-08-14T17:22:06.290314,3.93,0.69,0.88,0.73
183.15,travel,2024-10-24T17:22:06.290324,1.78,0.62,1.42,1
167.58,education,2025-02-23T17:22:06.290336,1.27,0.7,0.78,0.51
161.29,education,2025-04-10T17:22:06.290346,4.89,0.49,1.22,0.62
83.57,other,2024-11-27T17:22:06.290362,2.38,0.86,0.97,0.67
58.4,food,2025-08-25T17:22:06.290374,1.26,0.87,0.68,0.81
73.86,entertainment,2025-06-23T17:22:06.290382,3.07,0.79,0.66,0.66
112.85,shopping,2024-11-29T17:22:06.290388,3.82,0.52,0.41,0.62
150.31,other,2025-08-06T17:22:06.290395,4.29,0.21,0.4,0.96
41.91,utilities,2024-12-19T17:22:06.290402,2.07,0.39,1.34,0.75
178.33,entertainment,2024-11-11T17:22:06.290412,0.74,0.95,0.41,0.64
5.22,healthcare,2025-01-22T17:22:06.290420,1.54,0.75,0.54,0.85
172.68,education,2025-04-08T17:22:06.290426,3.06,0.28,0.48,0.58
113.27,food,2025-06-07T17:22:06.290433,3.44,0.14,1,0.85
21.76,shopping,2025-04-03T17:22:06.290440,2.46,0.4,0.88,0.54
77.83,food,2025-01-27T17:22:06.290447,2.44,0.51,1.45,0.53
98.94,entertainment,2025-03-28T17:22:06.290453,0.7,0.5,0.61,0.88
193.93,travel,2024-10-21T17:22:06.290460,4.49,0.36,1.25,0.43
173.76,education,2025-01-30T17:22:06.290467,4.79,0.64,1.11,0.4
43.48,food,2024-12-25T17:22:06.290473,4.19,0.4,0.68,0.46
152.09,other,2025-03-11T17:22:06.290480,0.86,0.35,1.27,0.41
5.98,savings,2025-08-18T17:22:06.290487,2.56,0.67,0.9,0.95
54.05,savings,2024-12-20T17:22:06.290494,4.39,0.88,1.48,0.65
134.83,shopping,2025-06-16T17:22:06.290502,4.41,0.12,0.98,0.5
40.96,transportation,2025-05-12T17:22:06.290510,1.76,0.61,1.41,0.6
77.98,utilities,2025-06-01T17:22:06.290521,2.87,0.28,0.38,0.66
31.31,shopping,2024-12-01T17:22:06.290535,3.89,0.98,1.44,0.34
106.87,savings,2024-12-10T17:22:06.290547,2.64,0.8,0.27,0.88
64.74,healthcare,2025-07-10T17:22:06.290559,1.68,0.31,0.3,0.87
30.3,utilities,2025-05-06T17:22:06.290583,4.04,0.11,1.37,0.98
152.92,other,2025-07-15T17:22:06.290593,3.63,0.98,0.61,0.55
39.25,other,2024-12-10T17:22:06.290601,1.52,0.58,0.32,0.37
160.02,travel,2024-10-01T17:22:06.290614,4.64,0.43,0.64,0.34
156.1,other,2024-09-17T17:22:06.290626,3.7,0.29,1.33,0.66
193.24,shopping,2025-02-23T17:22:06.290638,4.49,0.69,1.11,0.69
62.77,other,2024-10-20T17:22:06.290657,3.75,0.95,0.72,0.76
10.81,other,2025-02-25T17:22:06.290666,2.38,0.7,1.49,0.82
58.68,utilities,2025-03-18T17:22:06.290673,0.97,0.36,0.79,0.5
113.29,shopping,2025-08-05T17:22:06.290680,1.9,0.8,0.76,0.4
192.32,shopping,2025-07-22T17:22:06.290687,0.95,0.93,1.08,0.77
58.51,utilities,2025-04-25T17:22:06.290694,3.8,0.67,0.84,0.34
34.97,travel,2024-11-17T17:22:06.290700,3.22,0.42,0.23,0.75
135.44,utilities,2025-08-11T17:22:06.290707,3.94,0.28,1.49,0.79
103.07,shopping,2024-12-13T17:22:06.290719,2.95,0.93,0.25,0.67
55.15,savings,2025-02-02T17:22:06.290726,3.63,0.86,0.47,0.62
108.02,travel,2025-05-05T17:22:06.290733,3.15,0.21,1.12,0.79
13.86,transportation,2025-01-31T17:22:06.290741,2.96,0.1,1.03,0.69
69.04,healthcare,2025-06-13T17:22:06.290756,0.74,0.37,1.1,0.97
187.6,travel,2025-09-03T17:22:06.290768,1.53,0.4,0.49,0.99
59.86,travel,2025-03-05T17:22:06.290780,0.64,0.19,1.14,0.5
44.69,entertainment,2024-09-18T17:22:06.290790,1.38,0.27,0.24,0.87
13.24,healthcare,2025-07-15T17:22:06.290797,1.87,0.43,0.68,0.44
89.31,shopping,2024-09-18T17:22:06.290804,2,0.32,0.46,0.43
199.05,utilities,2025-06-16T17:22:06.290812,1.84,0.17,0.61,0.78
108.71,healthcare,2025-06-22T17:22:06.290819,2.15,0.63,0.12,0.39
104.99,utilities,2024-10-26T17:22:06.290827,3.09,1,0.17,0.95
155.6,shopping,2025-05-07T17:22:06.290845,2.41,0.83,1.19,0.61
169.85,entertainment,2025-04-21T17:22:06.290856,1.49,0.57,0.45,0.64
81.69,utilities,2024-11-28T17:22:06.290864,4.42,0.45,1.06,0.62
42.12,transportation,2025-02-21T17:22:06.290872,4.02,0.73,0.37,0.69
141.79,savings,2024-10-12T17:22:06.290879,4.12,0.74,1.36,0.91
151.96,education,2024-09-30T17:22:06.290890,4.06,0.66,0.37,0.49
169.11,education,2025-08-19T17:22:06.290897,1.89,0.85,0.19,0.56
42.08,education,2024-09-17T17:22:06.290904,1.6,0.49,0.34,0.39
174.14,other,2025-07-04T17:22:06.290911,1.07,0.94,1.38,0.6
58.36,shopping,2024-11-12T17:22:06.290921,1.06,0.12,1.26,0.76
37.07,other,2024-11-03T17:22:06.290934,1.64,0.59,0.36,0.99
87.75,shopping,2025-05-08T17:22:06.290941,2.68,0.37,1.3,0.61
143.71,savings,2025-01-12T17:22:06.290948,2.48,0.14,0.11,0.48
163.14,shopping,2025-08-29T17:22:06.290955,4.12,0.86,1.09,0.82
159.76,food,2025-03-29T17:22:06.290961,1.69,0.84,0.24,0.42
52.98,entertainment,2025-04-23T17:22:06.290968,0.61,0.33,1.16,0.52
183.73,education,2025-04-04T17:22:06.290975,0.96,0.3,0.99,0.89
23.56,savings,2025-09-05T17:22:06.290982,4.2,0.96,0.57,0.81
47.84,shopping,2025-03-02T17:22:06.290989,1.38,0.36,0.77,0.82
191.1,savings,2025-05-11T17:22:06.291003,0.83,0.24,0.57,1
73.61,education,2025-05-03T17:22:06.291015,2.78,0.22,1.04,0.76
65.17,food,2025-02-10T17:22:06.291023,3.43,0.23,0.46,0.62
129.54,transportation,2024-12-11T17:22:06.291029,4.17,0.89,0.54,0.78
132.11,shopping,2024-11-09T17:22:06.291036,2.77,0.95,0.44,0.9
198.66,savings,2025-05-03T17:22:06.291043,3.4,0.17,0.15,0.49
170.42,education,2025-02-17T17:22:06.291050,3.42,0.76,0.26,0.89
40.92,food,2025-07-20T17:22:06.291057,3.68,0.53,0.58,0.84
57.13,food,2025-01-20T17:22:06.291066,4.49,0.66,1.18,0.59
122.35,entertainment,2025-07-17T17:22:06.291073,2.44,0.24,0.22,0.93
115.4,transportation,2025-06-30T17:22:06.291084,3.33,0.72,0.7,0.46
86.63,utilities,2025-02-19T17:22:06.291096,3.95,0.12,1.29,0.58
33.73,savings,2024-09-28T17:22:06.291110,4.78,0.96,0.68,0.88
82.56,entertainment,2025-06-05T17:22:06.291117,2.73,0.48,0.45,0.36
16.15,other,2024-10-08T17:22:06.291124,3.42,0.32,1.03,0.96
169.79,travel,2025-01-11T17:22:06.291133,1.5,0.62,0.29,0.33
103.35,other,2025-05-24T17:22:06.291140,0.76,0.98,1.15,0.94
9.35,utilities,2025-08-31T17:22:06.291146,4.88,0.32,1.29,0.89
174.89,other,2024-12-28T17:22:06.291153,1.15,0.16,1.36,0.42
186.14,utilities,2025-04-20T17:22:06.291163,4.29,0.39,1.03,0.85
179.45,other,2025-07-11T17:22:06.291177,2.73,0.33,0.61,0.5
107.45,healthcare,2024-10-02T17:22:06.291184,2.28,0.39,1.21,0.45
37.13,shopping,2025-06-22T17:22:06.291191,4.89,0.29,0.3,0.51
32.66,food,2025-05-01T17:22:06.291198,4.42,0.29,0.65,0.73
189.55,healthcare,2025-02-12T17:22:06.291205,4.33,0.98,0.58,0.9
7.46,entertainment,2024-10-09T17:22:06.291212,0.77,0.94,0.91,0.82
162.65,savings,2024-12-02T17:22:06.291222,3.7,0.91,1.03,0.64
187.97,education,2025-08-07T17:22:06.291233,4.92,0.46,1.05,0.44
55.8,travel,2025-04-17T17:22:06.291246,1.66,0.77,0.85,0.48
119.76,other,2024-10-07T17:22:06.291258,3.23,0.82,0.71,0.92
8.82,travel,2025-06-27T17:22:06.291269,2.88,0.32,0.73,0.63
95.41,savings,2025-01-06T17:22:06.291276,2.27,0.67,0.8,0.57
101.96,savings,2024-10-08T17:22:06.291292,3.18,0.51,0.84,0.6
108.86,education,2025-04-19T17:22:06.291300,2.1,0.32,0.87,0.43
16.86,healthcare,2024-10-23T17:22:06.291306,2.65,0.64,1.36,0.96
156.26,other,2025-02-07T17:22:06.291313,3.94,0.51,1.03,0.59
29.23,travel,2024-10-27T17:22:06.291320,3.37,0.29,1.47,0.88
117.9,other,2025-07-31T17:22:06.291330,2.37,0.82,0.88,0.85
190.51,travel,2025-06-27T17:22:06.291338,4.31,0.23,1.44,0.99
12.3,utilities,2025-01-28T17:22:06.291345,2.1,0.92,1.35,0.41
133.19,transportation,2025-02-22T17:22:06.291351,2.99,0.55,1.37,0.42
57.31,savings,2025-06-25T17:22:06.291358,0.66,0.8,0.63,0.64
116.96,utilities,2025-03-31T17:22:06.291365,4.17,0.95,0.35,0.97
186.97,savings,2025-06-07T17:22:06.291372,1.01,0.74,0.27,0.8
50.17,entertainment,2024-11-25T17:22:06.291379,2.55,0.3,0.14,0.35
133.89,transportation,2025-07-30T17:22:06.291385,3.17,0.53,0.4,0.97
145.64,utilities,2024-09-20T17:22:06.291393,4.55,0.96,0.64,0.71
30.84,savings,2025-06-04T17:22:06.291416,4.42,0.11,0.11,0.43
47.22,shopping,2024-11-16T17:22:06.291429,3.47,0.85,0.64,0.88
133.79,food,2025-04-08T17:22:06.291439,3.8,0.12,0.18,0.41
195.59,entertainment,2025-03-03T17:22:06.291451,1.12,0.83,0.51,0.59
164.93,shopping,2025-02-08T17:22:06.291459,0.92,0.28,0.82,0.79
144.65,other,2025-03-22T17:22:06.291466,2.21,0.32,1.31,0.9
178.18,transportation,2025-06-21T17:22:06.291473,4.03,0.77,0.24,0.66
76.47,transportation,2025-02-18T17:22:06.291480,2.26,0.31,1.22,0.67
157,healthcare,2025-06-14T17:22:06.291487,2.19,0.87,0.69,0.77
173.02,utilities,2024-11-13T17:22:06.291494,2.34,0.47,0.78,0.97
165.35,entertainment,2024-10-05T17:22:06.291502,1.66,0.71,0.66,0.48
146.22,other,2025-06-16T17:22:06.291509,3.54,0.78,1.47,0.48
190.57,travel,2025-07-16T17:22:06.291516,2.08,0.73,1.09,0.74
69.07,entertainment,2025-05-31T17:22:06.291523,4.89,0.7,1.01,0.35
7.86,other,2025-08-09T17:22:06.291529,1,0.55,0.38,0.7
49.03,utilities,2025-02-25T17:22:06.291540,2.15,0.73,1.27,0.83
184.95,entertainment,2025-03-17T17:22:06.291551,4.45,0.32,1.06,0.54
106.39,food,2025-02-26T17:22:06.291562,1.64,0.42,0.79,0.87
21.32,entertainment,2024-12-30T17:22:06.291569,4.34,0.76,1.49,0.37
193.55,utilities,2025-03-09T17:22:06.291578,0.86,0.77,1.01,0.45
82.08,food,2025-03-22T17:22:06.291590,3.55,0.21,0.69,0.88
119.01,utilities,2024-10-23T17:22:06.291602,2.26,0.38,1.23,0.78
49.46,shopping,2025-01-21T17:22:06.291614,1.28,0.18,0.71,0.79
28.58,entertainment,2025-08-02T17:22:06.291626,2.34,0.16,0.39,0.47
74.74,utilities,2025-06-17T17:22:06.291637,0.9,0.94,1.5,0.8
126.48,savings,2025-08-09T17:22:06.291644,2.26,0.65,0.6,0.42
10.6,shopping,2024-12-30T17:22:06.291655,0.9,0.19,0.57,0.84
5.85,transportation,2024-10-24T17:22:06.291667,4.42,0.24,1.4,0.65
186.68,food,2025-08-08T17:22:06.291676,4.61,0.62,0.2,0.35
161.08,shopping,2025-06-18T17:22:06.291687,4.47,0.55,0.76,0.9
33.23,education,2025-08-01T17:22:06.291698,2.02,0.21,1.48,0.99
162.98,travel,2024-11-03T17:22:06.291711,3.59,0.73,0.32,0.73
20.77,savings,2025-01-04T17:22:06.291724,2.45,0.77,0.79,0.7
96.83,education,2024-12-22T17:22:06.291736,2.54,0.81,0.96,0.66
34.21,healthcare,2025-07-11T17:22:06.291744,3.45,0.9,1.16,0.79
118.85,transportation,2025-02-28T17:22:06.291751,4.99,0.48,1.1,0.35
37.03,travel,2024-12-27T17:22:06.291763,1.8,0.54,0.48,0.34
85.81,shopping,2024-10-02T17:22:06.291770,1,0.19,1.38,0.62
9.49,healthcare,2024-10-26T17:22:06.291777,1.98,0.28,0.3,0.34
171.82,other,2024-11-14T17:22:06.291784,3.36,0.38,0.54,0.82
147.31,savings,2025-06-13T17:22:06.291791,2.78,0.47,1.36,0.9
134.26,healthcare,2024-09-29T17:22:06.291803,2.46,0.96,0.24,0.66
107.45,entertainment,2024-09-18T17:22:06.291810,0.81,0.76,0.96,0.53
149.23,entertainment,2025-06-10T17:22:06.291817,3.45,0.82,0.63,0.57
8.48,healthcare,2024-12-19T17:22:06.291826,4.17,0.33,1.05,0.47
189.24,food,2025-06-27T17:22:06.291838,2.2,0.14,0.77,0.37
138.74,entertainment,2024-11-09T17:22:06.291849,1.59,0.74,0.16,0.59
67.7,savings,2025-03-21T17:22:06.291861,0.65,0.39,0.47,0.46
16.58,entertainment,2025-02-17T17:22:06.291872,4.78,0.75,0.13,0.67
134.43,education,2025-07-23T17:22:06.291884,3.48,0.69,0.21,0.53
92.38,utilities,2025-06-20T17:22:06.291890,4.39,0.64,1.47,0.5
96.25,shopping,2024-12-10T17:22:06.291898,2.26,0.34,1.08,0.41
179.48,healthcare,2025-05-19T17:22:06.291905,3.85,0.29,0.48,0.98
156.34,other,2024-12-15T17:22:06.291915,1.84,0.28,0.38,0.69
87.84,education,2024-09-17T17:22:06.291927,2.77,0.52,1.22,0.81
95.29,utilities,2025-05-24T17:22:06.291938,1.76,0.41,0.45,0.33
144.44,food,2025-06-18T17:22:06.291945,2.59,0.22,0.41,0.87
123.53,transportation,2024-10-15T17:22:06.291952,2.63,0.42,0.86,0.9
176.18,travel,2025-04-16T17:22:06.291959,3.54,0.42,0.14,0.95
42.77,savings,2025-05-18T17:22:06.291966,2.63,0.3,0.1,0.86
99.25,travel,2025-06-14T17:22:06.291972,4.49,0.5,0.58,0.58
51.25,savings,2024-12-30T17:22:06.291980,1.57,0.54,0.75,0.37
83.19,savings,2025-02-26T17:22:06.291987,3.11,0.26,1.05,0.86
168.91,travel,2025-08-31T17:22:06.291994,1.43,0.8,0.46,0.9
129.77,utilities,2025-03-31T17:22:06.292006,2.31,0.22,1.24,0.46
57.61,healthcare,2025-02-14T17:22:06.292019,2.86,0.68,0.61,0.97
95.22,travel,2025-07-29T17:22:06.292028,0.71,0.52,0.78,0.31
115.47,travel,2025-08-11T17:22:06.292040,3.71,0.99,0.16,0.66
22.22,healthcare,2025-04-19T17:22:06.292048,1.36,0.61,0.42,0.95
7.95,savings,2025-08-27T17:22:06.292055,4.36,0.36,0.12,0.77
136.29,savings,2025-07-16T17:22:06.292062,1.45,0.32,0.75,0.42
25.71,entertainment,2025-03-05T17:22:06.292069,0.9,0.62,0.99,0.67
124.09,other,2025-01-26T17:22:06.292076,2.2,0.53,1.36,0.59
139.87,healthcare,2024-10-09T17:22:06.292083,2.93,0.39,0.57,0.51
54.91,transportation,2024-10-15T17:22:06.292094,1.1,0.31,0.49,0.52
165.63,food,2024-12-10T17:22:06.292105,2.49,0.48,0.42,0.65
100.12,shopping,2024-11-01T17:22:06.292113,2.59,0.69,0.45,0.52
162.61,utilities,2025-09-01T17:22:06.292120,3.08,0.43,1.38,0.68
33.7,utilities,2025-08-26T17:22:06.292127,1.89,0.44,1.2,0.45
47.63,entertainment,2024-12-24T17:22:06.292134,3.16,0.45,0.92,0.87
100.07,travel,2025-09-11T17:22:06.292141,1.9,0.18,1.44,0.54
128.65,shopping,2025-05-06T17:22:06.292153,2.98,0.85,1.28,0.88
123.23,travel,2024-12-09T17:22:06.292160,4.55,0.63,1.2,0.35
155.58,education,2024-11-24T17:22:06.292168,2.76,0.89,0.39,0.48
72.45,savings,2025-04-09T17:22:06.292181,1.26,0.55,0.19,0.64
28.32,shopping,2025-07-09T17:22:06.292189,2.76,0.53,1.35,0.56
141.24,food,2025-08-24T17:22:06.292196,4.42,0.67,0.57,0.96
59.52,other,2025-06-06T17:22:06.292207,3.21,0.7,0.57,0.9
18.22,education,2025-09-06T17:22:06.292214,4.02,0.65,1.2,0.78
148.7,other,2024-11-20T17:22:06.292221,3.44,0.45,0.65,0.71
41.9,education,2025-01-23T17:22:06.292228,3.85,0.76,1.23,0.63
52.12,transportation,2025-01-21T17:22:06.292236,0.9,0.11,1.48,0.86
80.32,healthcare,2025-01-20T17:22:06.292243,3.89,0.34,0.43,0.9
157.96,entertainment,2025-02-14T17:22:06.292259,3.57,0.43,0.6,0.81
84.38,healthcare,2025-04-21T17:22:06.292270,2.74,0.98,0.24,0.68
37.43,transportation,2025-07-18T17:22:06.292277,4.68,0.38,0.35,0.5
94.64,transportation,2025-08-24T17:22:06.292285,1.25,0.49,1.12,0.85
178.52,healthcare,2025-08-23T17:22:06.292292,4.88,0.94,1.38,0.56
122.34,transportation,2024-10-05T17:22:06.292299,4,0.74,1.18,0.97
184.85,savings,2025-04-11T17:22:06.292306,1.94,0.63,0.79,0.54
11.92,savings,2025-02-09T17:22:06.292317,2.17,0.96,1.14,0.39
15.9,transportation,2025-03-09T17:22:06.292330,3.36,0.61,0.22,0.47
54.21,savings,2025-05-24T17:22:06.292342,2.48,0.12,1.33,0.45
82.64,transportation,2025-07-15T17:22:06.292354,2.3,0.97,0.82,0.67
152.91,other,2025-04-14T17:22:06.292363,0.85,0.41,0.57,0.64
131.9,healthcare,2024-11-21T17:22:06.292370,2.32,0.3,0.23,0.35
35.25,food,2025-08-13T17:22:06.292377,3.12,0.48,0.28,0.85
129.34,other,2025-01-20T17:22:06.292384,3.56,0.98,0.39,0.65
63.24,healthcare,2025-01-03T17:22:06.292391,4.2,0.61,1,0.6
25.24,other,2025-02-24T17:22:06.292398,4.47,0.24,0.98,0.32
93.79,shopping,2025-06-16T17:22:06.292405,2.87,0.91,0.39,0.91
40.41,shopping,2025-07-26T17:22:06.292411,1.76,0.46,0.74,0.56
78.72,transportation,2025-01-17T17:22:06.292418,0.97,0.65,1.44,0.71
48.58,savings,2025-06-04T17:22:06.292431,2.17,0.89,0.73,0.6
153.94,education,2025-02-07T17:22:06.292438,4.25,0.28,0.65,0.42
93.75,entertainment,2024-09-17T17:22:06.292456,4.38,0.89,1.02,0.57
102.33,shopping,2025-02-16T17:22:06.292464,4.8,0.81,1.46,0.93
60.77,food,2025-01-27T17:22:06.292471,2.2,0.41,0.87,0.93
159.5,other,2025-07-02T17:22:06.292481,0.92,0.99,0.5,0.47
28.71,entertainment,2025-08-03T17:22:06.292492,4.66,0.45,1.01,0.76
156.65,transportation,2025-08-30T17:22:06.292504,3.49,0.91,0.11,0.56
94.81,entertainment,2025-05-13T17:22:06.292513,4.78,0.49,0.7,0.35
59.19,utilities,2024-09-30T17:22:06.292524,2.32,0.54,0.93,0.51
193.36,transportation,2024-10-20T17:22:06.292535,2.72,0.73,0.89,0.97
32.25,entertainment,2025-06-30T17:22:06.292542,2.61,0.43,0.42,0.99
73.84,other,2025-07-16T17:22:06.292549,1.89,0.75,1.46,0.7
102.87,utilities,2024-09-22T17:22:06.292556,4.87,0.54,1.06,0.57
57.19,savings,2025-08-16T17:22:06.292562,4.7,0.99,0.72,0.42
34.3,travel,2025-03-08T17:22:06.292571,3.5,0.95,0.96,0.91
35.58,other,2025-05-13T17:22:06.292578,4.64,0.51,1.22,0.48
134.87,food,2025-03-01T17:22:06.292585,4.29,0.25,1.09,0.61
154.38,education,2025-07-04T17:22:06.292592,4.1,0.91,1.08,0.93
192.27,savings,2024-11-06T17:22:06.292598,0.56,0.98,0.71,0.81
104.48,utilities,2025-04-17T17:22:06.292605,0.55,0.64,1.01,0.86
119.93,other,2025-03-23T17:22:06.292612,0.55,0.17,1.23,0.95
79.43,shopping,2024-10-19T17:22:06.292619,1.4,0.81,0.94,0.44
79.49,savings,2025-01-04T17:22:06.292626,3.22,0.99,0.72,0.61
186.93,travel,2025-03-09T17:22:06.292633,1.44,0.65,0.59,0.94
84.43,food,2024-12-25T17:22:06.292645,3.64,0.12,0.17,0.63
96.8,food,2025-06-12T17:22:06.292654,1.91,0.93,1.39,0.79
31.36,savings,2025-01-15T17:22:06.292666,2.67,0.73,0.83,0.81
43.11,travel,2025-03-25T17:22:06.292680,2.81,0.1,1.21,0.7
69.64,utilities,2025-07-08T17:22:06.292691,1.77,0.33,1.15,0.77
79.42,food,2024-10-09T17:22:06.292702,1.52,0.88,0.13,0.6
18.16,other,2025-01-24T17:22:06.292720,4.79,0.55,1.3,0.71
122.25,healthcare,2024-12-06T17:22:06.292737,3.59,0.48,0.49,0.37
162.08,travel,2025-03-18T17:22:06.292746,2.67,0.14,0.58,0.48
146.21,shopping,2024-11-19T17:22:06.292756,1.57,0.93,0.65,0.65
90.61,transportation,2025-03-17T17:22:06.292767,3.59,0.92,0.86,0.49
140.8,travel,2025-05-25T17:22:06.292778,3.11,0.98,0.96,0.34
14,food,2025-09-04T17:22:06.292789,4.08,0.58,1.1,0.55
140.79,travel,2025-08-22T17:22:06.292800,1.87,0.79,1.17,0.84
109.87,education,2025-01-07T17:22:06.292812,2.57,0.16,0.66,0.36
25.83,utilities,2025-04-06T17:22:06.292821,1.55,0.35,0.53,0.46
160.94,shopping,2025-03-24T17:22:06.292828,3.72,0.45,0.92,0.31
27.38,entertainment,2025-03-05T17:22:06.292835,2.41,0.6,1.21,0.37
160.44,shopping,2025-01-09T17:22:06.292842,4.97,0.22,0.74,0.97
173.49,healthcare,2024-12-05T17:22:06.292849,0.87,0.37,0.9,0.88
166.99,other,2024-09-13T17:22:06.292856,1.04,0.65,1.17,0.58
147.41,entertainment,2025-06-09T17:22:06.292862,3.78,0.22,1.04,0.66
56.27,transportation,2025-05-19T17:22:06.292871,2,0.2,0.16,0.64
168.58,travel,2025-04-16T17:22:06.292879,1.46,0.33,0.26,0.47
168.8,other,2025-09-07T17:22:06.292886,1.28,0.51,0.26,0.56
192.53,shopping,2025-04-17T17:22:06.292892,3.31,0.3,0.79,0.43
199.04,transportation,2024-11-23T17:22:06.292900,4.75,0.26,1.21,1
78.2,shopping,2025-07-24T17:22:06.292910,2.5,0.3,0.85,0.51
18.72,transportation,2025-08-10T17:22:06.292922,3.89,0.93,0.66,0.98
177.83,food,2025-05-10T17:22:06.292932,0.97,0.87,0.14,0.66
74.01,savings,2025-05-15T17:22:06.292939,2.61,0.18,0.5,0.51
145.99,savings,2024-11-09T17:22:06.292951,3.83,0.4,0.29,0.97
191.07,utilities,2025-08-04T17:22:06.292958,1.28,0.17,0.86,0.58
193.93,shopping,2025-03-09T17:22:06.292965,1.33,0.58,0.14,0.45
68.01,transportation,2024-12-07T17:22:06.292972,2.84,0.6,1.42,0.88
107.37,travel,2025-09-03T17:22:06.292979,4.38,0.55,1.48,0.3
156.9,shopping,2025-06-21T17:22:06.292986,1.94,0.61,0.37,0.89
136.88,shopping,2025-03-18T17:22:06.292996,4,0.26,0.37,0.47
116.74,transportation,2025-08-04T17:22:06.293009,3.94,0.16,0.52,0.53
118.27,shopping,2025-04-11T17:22:06.293022,2.69,0.47,0.47,0.91
101.24,entertainment,2025-01-09T17:22:06.293028,3.21,0.88,0.7,0.74
166.46,healthcare,2025-05-28T17:22:06.293035,4.91,0.68,0.73,0.79
53.57,shopping,2025-02-04T17:22:06.293042,3.19,0.42,0.68,0.81
33.24,shopping,2025-09-01T17:22:06.293050,4.05,0.78,1.37,0.93
27.82,utilities,2024-11-06T17:22:06.293057,2.41,0.26,1.32,0.59
34,transportation,2024-09-13T17:22:06.293064,4.27,0.38,0.36,0.92
129.14,food,2024-11-07T17:22:06.293071,1.93,0.22,0.55,0.82
78.02,utilities,2025-01-03T17:22:06.293083,0.51,0.82,1.45,0.59
99.83,shopping,2025-06-29T17:22:06.293094,0.68,0.13,1.36,0.33
172.13,food,2025-08-27T17:22:06.293101,2.41,0.14,1.25,0.38
33.53,food,2024-12-07T17:22:06.293108,3.99,0.77,0.82,0.78
10.44,utilities,2024-09-20T17:22:06.293114,3.94,0.25,0.78,0.8
188,education,2025-08-15T17:22:06.293125,4.89,0.92,0.91,0.86
99.43,transportation,2025-07-06T17:22:06.293132,0.99,0.75,0.72,0.84
126.17,other,2024-10-17T17:22:06.293141,2.17,0.32,0.91,0.91
134.51,education,2025-06-04T17:22:06.293147,1.46,0.41,1.33,0.69
56.12,food,2025-08-22T17:22:06.293158,4.98,0.93,1.29,0.31
182.53,education,2024-09-15T17:22:06.293174,2.69,0.85,0.14,0.68
10.18,food,2025-07-06T17:22:06.293181,3.93,0.7,0.17,0.69
132.26,entertainment,2024-11-08T17:22:06.293189,3.12,0.12,0.94,0.46
65.84,travel,2024-12-07T17:22:06.293196,3.41,0.48,1.45,0.86
149.76,healthcare,2025-09-04T17:22:06.293203,3.6,0.88,0.96,0.46
135.45,healthcare,2024-09-19T17:22:06.293210,4.86,0.24,1.05,0.41
70.63,food,2025-03-10T17:22:06.293218,3.58,0.2,1.14,0.86
128.47,shopping,2025-05-20T17:22:06.293225,1.57,0.42,1.12,0.33
58.46,education,2025-05-24T17:22:06.293232,3.48,0.69,1.13,0.94
121.62,savings,2024-12-06T17:22:06.293244,0.53,0.18,0.32,0.47
131.43,entertainment,2025-08-29T17:22:06.293254,1.34,0.91,0.26,0.82
141.32,education,2025-01-04T17:22:06.293261,4,0.21,1.07,0.57
111.39,healthcare,2024-10-03T17:22:06.293269,4.3,0.57,1.46,0.44
46.33,entertainment,2025-04-10T17:22:06.293276,4.19,0.49,1.08,0.96
153.89,healthcare,2025-04-12T17:22:06.293287,2.76,0.29,1.06,0.43
20,travel,2025-05-19T17:22:06.293294,3.64,0.12,0.98,0.68
63.93,education,2025-02-17T17:22:06.293301,3.66,0.93,1.1,0.59
22.91,education,2025-07-28T17:22:06.293308,4.3,0.38,1.24,0.93
132.54,food,2024-12-27T17:22:06.293317,4.97,0.8,0.93,0.68
53.77,shopping,2025-07-22T17:22:06.293329,2.95,0.42,0.37,0.75
41.17,healthcare,2025-05-22T17:22:06.293337,1.58,0.29,0.89,0.95
97.28,utilities,2025-01-02T17:22:06.293421,3.68,0.47,1.05,0.75
112.88,shopping,2024-10-04T17:22:06.293435,1.61,0.55,0.46,0.48
112.08,transportation,2025-01-05T17:22:06.293446,3.44,0.45,1.24,0.32
57.74,education,2025-02-19T17:22:06.293453,4.07,0.46,0.11,0.71
101.49,other,2025-06-07T17:22:06.293460,0.66,0.21,0.63,0.52
54.08,entertainment,2025-09-05T17:22:06.293475,4.04,0.68,0.74,0.72
12.01,travel,2025-02-24T17:22:06.293482,4.16,0.4,1.36,0.59
37.07,education,2024-11-25T17:22:06.293489,1.34,0.39,0.34,0.97
52.62,shopping,2024-11-20T17:22:06.293498,4.09,0.86,0.41,0.34
77.86,transportation,2025-07-12T17:22:06.293505,1.85,0.95,1.18,0.58
190.33,food,2025-08-24T17:22:06.293512,4.77,0.23,0.66,0.41
43.23,food,2025-09-03T17:22:06.293535,3.61,0.24,0.77,0.78
142.53,travel,2025-08-16T17:22:06.293554,2.85,0.18,1.26,0.66
39.2,shopping,2024-12-26T17:22:06.293561,2.1,0.13,0.49,0.48
104.5,other,2025-04-02T17:22:06.293568,3.16,0.83,0.38,0.67
126.05,shopping,2025-06-13T17:22:06.293576,3.38,0.29,1.29,0.9
29.62,savings,2025-04-01T17:22:06.293583,2.53,0.68,0.18,0.46
99.53,savings,2025-07-17T17:22:06.293590,2.99,0.62,0.45,0.75
62.94,food,2025-03-19T17:22:06.293601,3.61,0.36,1.16,0.57
58.51,shopping,2025-05-29T17:22:06.293612,0.98,0.27,0.13,0.78
177.69,transportation,2025-05-05T17:22:06.293621,3.84,0.13,0.93,0.81
182.43,travel,2025-01-30T17:22:06.293628,3.38,0.27,1.13,0.75
5.86,travel,2025-03-21T17:22:06.293638,3.11,0.65,0.23,0.79
159.11,education,2024-11-01T17:22:06.293650,4,0.81,0.33,0.69
11.36,savings,2025-03-17T17:22:06.293660,0.6,0.48,1.12,0.61
34.24,travel,2025-08-26T17:22:06.293689,1.47,0.64,1.01,0.87
41.1,transportation,2025-07-13T17:22:06.293696,3.95,0.6,0.64,0.8
155.02,travel,2025-09-11T17:22:06.293703,3.46,0.17,0.22,0.98
187.48,food,2024-10-28T17:22:06.293710,3.79,0.96,1.31,0.65
196.46,travel,2025-01-24T17:22:06.293716,2.65,0.64,0.24,0.95
15.84,education,2025-08-04T17:22:06.293724,3.23,0.53,0.47,0.69
15.51,savings,2025-07-26T17:22:06.293731,4.96,0.37,1.25,0.96
176.46,transportation,2024-10-16T17:22:06.293743,2.68,1,0.67,0.96
182.69,entertainment,2024-12-06T17:22:06.293754,0.67,0.68,0.62,0.82
125.29,education,2025-05-16T17:22:06.293766,4.45,0.84,0.76,0.88
73.29,healthcare,2025-08-06T17:22:06.293777,2.21,0.26,0.63,0.89
82.27,transportation,2024-09-20T17:22:06.293789,3.34,0.38,0.84,0.35
79.37,other,2024-09-24T17:22:06.293801,1.93,0.31,1.34,0.75
